PetID,Predicted
378fcc4fc,2
73c10e136,3
72000c4c5,4
e147a4b9f,4
43fbba852,3
77a490ec9,4
28c4b1b13,4
d1eada628,4
d134dec34,4
bcd464bb8,2
4e21958c3,4
7b070aed6,4
ff8d0708f,3
f1e6c9bf3,2
248914c05,0
948002885,4
111e67cd2,1
4f4b2ede1,4
d77fca061,4
ac9fb74b9,3
47ef39e7a,3
c69ee9807,0
62dcf8ecb,1
4df1d19d6,2
e8ef8455e,3
cbd23bc17,3
4d1a91ccf,2
004ee5cf7,2
95fad0a75,4
64341b5db,2
36726d4ef,4
0b56a7525,3
7f819d0db,4
550a0368b,4
9f60fc089,4
92ad0b5d6,3
a0465636d,4
257e363e0,4
ead84ae08,4
e3b8f72db,2
3dd3a9a4a,3
7d266f64e,2
ee31cafb8,4
39795544e,4
bd401c9d7,2
ca34f08c5,4
f28185f8b,4
578ded1cf,4
075c67b05,2
2d3f76a93,4
c9049c53d,1
d51a9f925,4
1d4d82bda,1
e56ca790d,4
64d85557b,4
07dfc8e89,1
5891eb6ec,4
1e79f1a74,4
0603e450a,4
4c08175f2,2
63ea487ed,0
94738fe21,3
f8c7d5162,2
3aab441c8,3
9aaaee20a,3
99b56d294,1
35edda33d,3
348fade02,4
301b3b88b,4
59b68d2e2,4
bcb71ba05,1
b3d560f95,2
c87763ce2,3
40f5e930e,4
0e178cab1,4
ea75287c4,1
128337e08,1
1a92f6e92,0
f1eb8b164,2
959a881a3,1
699ede995,2
95b2b8d75,3
75f25bcb6,2
87c583bbc,1
c74a234f2,4
02661c4c5,4
fee0eca1a,4
1ec246964,2
9d9ac4430,4
68801b60f,2
fe174feaf,4
295d49ea4,2
6ab47c3bb,2
bdb8343cb,4
d36ac8c08,4
3972dce9e,3
a0b3ccddc,4
6e4ba0bbc,4
b23d4068f,2
2920191f9,4
d683ca8e2,2
48efa3f5e,3
e03924fbe,4
6d19b5b19,3
c224db738,1
1b5ee9232,4
a3af20492,4
1dfaadc39,4
427a7d9a4,4
d8e945151,4
27c72b14a,4
3b69b9208,1
cc5e6046a,4
ff78e02f1,4
2499a5ac3,1
53c4f449e,4
4f167e094,1
76b8cdefd,3
94c6c543b,4
835cb2fef,1
a90f1da14,2
4db3fb6cd,3
6d680bfcd,2
ff8d81a17,1
bddf3eba7,2
af689290f,4
83c01a2f1,2
73a62be68,4
b590148db,4
c143aa174,2
71866498f,4
959973c0a,2
87bf9db6c,4
3ccb69d5e,1
e9a238ffc,1
8b590e38d,4
ae69e67e9,3
4ccb74caf,4
023572703,3
c8107d860,0
ae6da35ad,3
0b3c0c460,3
ddb893ad0,4
31896f476,3
091271d52,1
7977c1678,2
c584098d4,4
7c0eb87d7,2
bc2140510,1
500ddcf93,1
f9d04b2c1,2
1895238aa,1
7410e4590,3
238a79d8f,1
335c29a28,1
9b7e7d728,3
9bb49d92f,3
47edb873c,2
0de470e08,2
fcbadee1d,1
b245ba4ee,4
a752c78f4,1
201dab625,2
4fb06e56b,2
57fc14141,1
b5f878e59,1
dfa4ed447,3
9685bf777,1
bf5e0d442,3
78a8f8a07,1
92143aaee,2
f72282155,2
aac356b94,1
f86d87b63,1
e38b05c0d,2
b058642e7,2
655867ece,2
e024807df,2
4192f7f1b,1
2b9c8cfa6,2
1640ba06b,3
bef3d72f4,1
7fda5f5f8,1
67405624c,1
96c7bbbaf,2
6bbf1c7a8,2
5470874da,2
677287d56,2
10888c73f,2
c941bf351,1
db6972cb2,1
a657b0ea6,1
e9143cfdf,1
c1805e832,1
261ce8fc3,1
de136c13b,1
8ed7d0992,1
da111ef86,4
9af944fc5,2
0325c6d0c,2
b003e8b9f,2
889bfaf96,3
a4404351a,1
3a00823a4,1
5e98f3ff3,2
d8acef713,2
b974a19cd,1
df21b3124,1
9b01e4b24,1
387ae48fc,1
1ee21b297,1
8fd546c6f,1
dbe6d4fd1,2
09dbd2f26,1
2acdd3a56,1
8b6fd3411,2
26f787401,3
cea74a1f7,1
df4f4130b,4
ef6b5d97f,3
97a07be8d,2
b079f32ce,1
964243fcb,1
6c48a45ee,2
0f3aa4636,3
3bd5dd377,1
bd86f3b7c,1
4af2a37ff,3
0dee9d530,2
1430f6686,2
f6b750fa0,1
851572525,3
b8821af5e,3
7c0cb2781,2
5882f07fa,2
b4dbe4f8d,1
58834bef4,1
d32ca0658,1
0a4d04d13,1
99c6a442d,2
99a0d761b,2
5cfe97f4d,1
5edfbf6ba,2
0b1d74132,1
90336856d,2
223157063,4
1f1ddd287,4
cd51d5ffe,2
144d036b1,3
3b715cea3,1
176780982,3
7950faa64,3
c55bc1c7c,3
b2b237033,4
81d4518ee,3
4df1ef790,3
0915242e3,2
9bc2df0bb,4
1fb65d9a3,3
65a011bca,4
88147811c,3
fff5752ef,4
8f52ecfdd,3
cd4d7d073,4
cbf5be359,4
4d1055a38,3
ad4d4083a,2
a27323945,2
df25123be,4
64048c5fb,2
d160d237c,2
684c1757e,1
0ab53d252,2
cefd51047,2
c48a69f0a,3
da11448b6,1
f5bc25243,4
7a0627be7,2
e13c0f168,3
0eb92ca85,4
6f3a546dc,1
60dc59d7e,4
50848490f,4
ebbfc5416,3
be33711da,4
29ffee2ab,2
f22172a19,2
de5a1529d,4
78bf39732,2
df90f6792,1
d6ab3d456,1
bb36edf54,0
ef5d82c92,2
7700279d3,4
abc94aacf,2
771d872a7,3
7b074b69d,0
0b74e8432,4
fa07edb31,2
0a9497647,4
2e6ed1d30,0
e9665fc0f,4
b58629240,3
fb3a6969b,4
d739b8ea0,4
351ca0f97,3
41b3f325e,1
1e5fba5c2,4
efbc6b3fe,2
c4fa4914b,4
c1a0105d0,2
a5c61707b,1
f31765a83,2
f554997f5,2
b4b53b798,4
5eb07029d,1
7aa891436,4
53d7bd640,4
9e1db93d7,3
002d58f95,4
801ce34d9,2
971d25a97,3
82203c5da,4
9a5b91c0a,2
838c99628,2
04465b5e7,2
3f9fd0166,4
baa12ea44,1
0584689f1,3
3bf766f12,1
cc854698d,2
0f14425da,2
eea05de84,1
24a749cf5,2
6b0e3e8a4,4
26cad56b0,2
6cd12b223,3
f75ef16b3,1
50d9eb08e,1
1d9b084a3,1
557b18791,3
872d0a084,1
6f35aa679,2
5f1a99014,2
820720238,2
a09a02848,3
ed19d5a78,4
7f1d157a6,1
5b1b64fc6,1
a76126713,1
55a13f499,2
70c322ca8,1
b759d6a14,2
48f5fa3df,2
835f0b15c,3
b000029b2,4
0768924b3,2
c3e62dc54,1
72123cd55,4
b40e4f9e9,3
a12e55ad6,2
cf01fc160,4
617e5fe89,3
ef4302021,4
7f5646199,0
d5d8f297e,3
78db7b8e3,0
ec92805e3,4
d8823e6dd,3
e76e72f23,1
ec767387d,2
69c0631de,3
8049de4a7,1
b6c980449,3
928357091,0
60f010c04,1
8aa1e6cb5,3
02d7d425a,4
3eec94b7b,4
ab8ab0e02,4
bddd0c64a,4
b7e885611,1
a0a0ddd80,2
d826ef544,2
08f0404e1,3
33f5c30ff,1
e1eaf1f74,1
e4618b7b9,4
a50d71570,3
4a288da21,1
9d9733860,1
73f318529,0
cca745253,3
eacbd58b0,4
eec125a4a,3
502911dbd,3
e04a35a41,1
5342033a7,2
cdaf456cf,4
75e4fbcef,4
3087667fd,2
7562239de,2
2378b2a7d,1
ea1a2b014,4
c86c3f3b3,2
87db66a72,3
9e8aed47c,4
aa4ec0b7b,4
54e04a9c4,2
4b047a13d,1
780edb258,2
f3c696dce,3
532aa2fb9,4
9f814c16e,3
1d7cdece4,2
e3b49febf,1
8ad63f37f,3
a7d5c2242,2
c43c466e3,2
c3433e19d,2
1b5943aaa,2
1f27709ce,2
93b1fdf09,4
8d7fbf152,1
e46215f44,1
92ae90261,2
c26273a72,4
b6faa5d0c,1
831daae06,2
7be9199b4,1
a5b873b6e,3
b702963dd,3
a982d66db,1
81fa439c6,3
31a535f56,3
cc6abdd95,2
de097478a,2
f69593c1b,3
948ce715f,2
f9f2a222e,1
5a393e52c,3
bb55b187f,2
4657c608a,2
879067966,3
6fdc13751,3
058d9f3fd,3
4137e2c58,4
a0e97dd06,2
87eeb11ac,4
e0be7d774,2
d405dfce6,2
a6914376f,4
e6845a1d1,0
1ae728335,4
849b12fe0,4
7a82b099c,3
891b51d83,4
987c30415,4
fa42fddef,4
44664ad4a,3
cf38c80ab,1
5408a54c7,3
4303c865e,4
b39f6200e,2
97ebb54fe,3
717d8019c,3
98c8a3e58,1
29c57716c,1
46d2d6f64,4
dfd722c50,2
4487f2bcf,3
e5e796868,4
30e80f19c,2
1ae174833,3
4b4881b91,4
0e2869ac3,3
e938a1e6a,4
82214f3a4,4
28cd684a5,2
8bc2c1ead,4
6e0ee24b0,4
cb8d2a118,1
a4de34766,4
9dc89cdab,4
b0bbd1503,1
1be0db8e9,4
85cacbcec,2
db1b7bf8b,4
de7ae1f0b,4
c9b70a7c4,3
8e3fe7b5e,3
ac13c0cd4,4
7400342c0,2
20647571b,1
feea78c0a,2
8807673c1,1
e554dffbc,1
79d37667e,2
926ef2f60,4
20f58ed95,1
073f57c15,4
0f8b0cb3c,3
878904af4,2
ea6f66062,2
ac3e0a48f,1
004cf6089,2
5cfe411cb,2
7ebafbae3,2
f9cf956fc,3
a53278ff3,2
19a0f671b,2
d26296a67,2
9b2f67c6e,2
6f3d75dc1,3
3ff5b908e,2
f3c74e463,1
145aa4d64,4
f42a5b81c,2
995728b7e,2
c3fc3bcb8,2
a3ea76f09,0
b51266b11,3
2801de50d,4
0ad9d4fd0,2
4f1941c1b,2
39cc80de9,1
223f25172,1
b4719ca7c,1
d56197b06,2
f3e46aa6e,1
772111493,4
26b387591,2
da4823525,2
f1e8168ce,2
6a6d80b9a,1
22d0da252,2
af52f13a5,3
73415ac0e,2
577ba4e53,1
97fadb81f,2
f0a9e7880,1
1265338d2,2
1fceb7280,4
8aaa5af7f,1
58af044bb,1
a4974980b,3
83bf26924,2
f1eff69a3,2
3b9dd74b8,0
494442e83,3
9466c9b36,1
000c21f80,0
a226c0872,1
93750c323,4
c98ae5256,2
f338db3f3,1
beaffb689,2
6cae4ce75,0
4797fd404,1
79c97b719,4
a462f03c3,3
269dbc193,3
936ae4908,1
534f1885c,1
4057b6a41,3
30ed97f23,2
2536623e0,1
3b63a0ca8,4
89ba10c3f,4
513db5e47,1
539c9ec3d,1
2046cf663,2
a93de89f5,3
e469e18c1,2
073e033a3,2
aca756485,1
26302a794,2
01e7a25d6,4
57d7b2d43,2
c7a275165,1
53233df86,1
d1bb3e502,0
e37322e54,4
71d90d199,3
a9eaa8041,1
7ab900c01,1
c333a003e,3
2d9f6b906,3
511301e7d,1
4c9e94650,3
a2200e8aa,1
98e640678,2
19d861c85,3
dd4077415,0
48593c5b4,4
e00384dc6,2
0352a0ce5,2
23cc351f5,2
c9be84842,2
d2e1a5a68,4
470653184,3
2a69e15f4,3
3b68427d2,2
7293da62a,2
088a4b4aa,4
c1f8b346b,4
c40b151c9,3
29c3d2e34,2
04af1791f,2
49b82b06e,2
d098e91c5,2
6f6064448,3
c13e5f667,1
d15797630,1
cb6587025,1
cb3310666,1
44704879b,1
b21c0bf53,1
3895b99e3,0
252403a98,1
0118e0990,1
03a6f3852,3
445810c68,1
90f068186,1
5d9ecb00f,2
aa373cc64,1
771f02e42,0
55800cee3,2
0626c67dd,1
d3987ecf5,1
38d96666f,2
988e47944,2
87226c200,1
ba7dcba75,2
2d86ffa7a,1
c6aff3fd8,2
8d3c2d72b,2
085129474,2
27e7d47b6,3
31eafe6ef,2
965005fda,1
d009e34ba,3
f8e75043b,3
6cfe2748e,1
64e00ab2c,3
7c2a08f41,4
c270806fd,1
b9de9ecd8,2
0ce1b66ce,2
1b5edd6f1,2
37ef7dcc8,1
39fa339e3,3
4f9a4bffc,0
50c0a9329,4
0df2a6f99,4
29de42f4a,2
31f602634,3
350caedf4,2
5be8cfc67,3
fa09fda1a,4
d2ad766f6,3
6591264e9,2
ff23007d4,3
3ff5b5ca1,4
a74a6d785,2
ee551ddfb,4
39b7c97c3,2
aa1d5638b,2
e685f3c4e,1
dec5e83a2,2
68df30c4d,1
c489fd162,3
9447414ff,1
40802c588,4
d272784b3,2
c4a3f5215,3
7a12b2af4,2
370280ff2,1
f267a1a66,3
7f46433b5,3
63efe7744,1
9edcc7dd0,1
9428467e8,1
3bec91491,2
eb44980b8,2
d3be56103,4
40632091e,3
c246aa80f,4
7ec454420,1
2a2f4be17,3
6692d9946,2
2954f8aea,3
915799ea3,4
3bfd36967,1
923492de1,2
8c5f5b628,2
eab225174,2
87777e68d,4
73ac66cd7,2
bc8a14000,2
d41cc19b4,1
8e9b7ecb1,2
7ab6a6192,4
0ff918b94,2
784441a4e,3
83904959c,0
9f56cf32e,1
5d0cdc3a7,2
6c221a562,2
417802258,4
643f275eb,3
7b40b013c,4
252b6b562,3
d5d4d49b4,2
5a8bcdf7d,3
2916d13e9,3
78548272e,2
6b735add7,1
c0947cb70,3
31c85be7c,3
777b17bb8,2
ddec80496,4
b77b8ae58,4
9ad247ea7,1
9efba5681,4
4406a893a,4
c4692db05,1
777373cc8,2
70aad67ae,1
79523c81d,3
82ae21e62,1
8a51a7ca6,2
62b0a2633,3
8fe8a0b9d,4
8db9935ba,1
10f27e489,4
dabe2ca11,1
c3fe885e7,2
88aaa8cb7,4
429746fa8,3
4a2f24287,4
c2c49887c,2
3155c4c07,2
696888b07,3
116d04a3e,1
22c8c9238,3
63c2914c2,4
4bfa665fd,4
211dbc5e2,4
767f03371,2
e0c0e8996,2
741947e08,3
72e59dd47,0
505037d6d,2
b11f91ced,3
93f2c9ee0,1
2e2c1d082,4
252fa874e,2
ee471427e,2
a9e1e154a,2
e2fd54afc,1
eb12b75d2,2
94ffdd93c,4
c3f088934,3
3b310f54d,3
e2005bb4c,2
f226ec9c1,3
fbe2a5ea8,3
b09467fa2,3
dc33adc1a,1
9ab81b3e0,4
8def469fe,3
bbde3314b,3
798456e7b,3
4e4bbdba2,2
75e64c6b5,4
f7b52283c,4
d8ad6c1de,4
53d870534,1
135234f32,1
2c688db55,3
aaf22f292,4
e5db86945,1
ce8fdd720,3
6180790e2,2
3ef8e3c10,1
5765d8240,1
7f992a891,2
5a4ed9f25,1
7e322bd55,1
f8868d690,4
7e008e818,1
c228f4293,2
52acbc630,4
35c34bdfd,2
8dea28408,2
7597f4210,4
591f0a114,2
3fa5fba46,3
233d08bb1,4
ca15b54ae,2
e99160687,4
4ba858df3,3
62b065db7,4
be10ae529,4
dff8203bf,2
cf56161c2,3
1b3a195ae,4
b06e4a04b,2
67e33c026,4
21323ab5c,3
44ad04898,2
e629ebf54,4
f100e4b85,1
f9cac0fa3,3
8738eafb4,4
27b46c823,1
07b5f3344,3
d8baec065,2
45530ea77,2
d27346d04,4
13517ad21,2
bd8f9547d,4
2bd5ce781,4
7fe7b5c88,3
bdab587ee,3
287ff720d,2
6422836ad,2
614494f00,3
458683f6f,4
c4acee3dc,4
26b30a979,4
83d688b83,4
fadbbfecc,2
b13517268,2
c2602732c,2
bb134e98f,3
e69d158ac,3
46ef6e10b,1
205ce681c,3
0afed346f,2
d380a2bfc,3
610f23f00,1
e12e6c77d,2
82fd13a37,2
be4053473,2
a57ccdf7a,1
5f4c5316a,2
487d249ee,4
d1d32a8d7,1
267df54a7,0
db9c0253d,1
21eca6014,1
6069f575a,1
3bdf7f396,2
f1c064a0e,2
ad70c12a7,2
3fd24c3ef,0
3563d1d53,2
e41d4efb8,1
b814839bc,4
5f35e89a9,3
b0a4f19ff,4
1cce3f324,2
81b9901db,3
8b801f2be,2
d505bed08,3
1bea8833d,1
b2a29d333,2
f95f86b17,2
bdc163732,2
bd8e74a80,4
63c8a07f4,2
630794d7d,2
984df9850,4
9dbaf8a68,4
5557ba20d,2
37968daed,3
4eae62f07,4
65d6c3290,3
d0ad242be,3
43162a244,4
38bed8f85,3
f69f6cf25,3
455fe1272,3
1585e31a1,2
70aec7d9a,4
bc309b188,2
7ddceb832,4
72bea1f70,4
ef874a565,3
ba4754079,4
eefd0bf99,2
ace2fe01d,3
9f3e1208f,2
2884073d9,2
ae1bf1397,4
e1cf1e592,3
413007d3f,1
a51a4a91f,2
3f6d04efb,2
a74ee2c2b,3
5f4bfd5f7,4
8d2be7f16,4
2bccc705a,4
49897924e,4
56a425609,4
5458ccb3d,4
0df5238d7,3
1548bba9f,2
5c6805939,2
d209adf87,4
65c748792,4
5ed9e0442,2
ca768e7de,1
875195d55,4
2b17e08a7,4
3fa587b7e,4
63935ea48,1
38af4c7e7,2
9ed4273a5,3
0fab3d2ee,2
51eb1b4b1,1
722bdf2a7,4
ea53b9c93,1
dd11efee2,3
daf0475ee,3
d800b8143,4
f9f69faca,4
5e9da1643,2
ee2b30c38,4
7ead7ea3f,0
fb61905a6,1
87d5053c6,2
169b9ccc5,2
595a40121,4
4faf00da3,3
86fc4268c,3
47469eeca,3
37b855461,3
beaa42896,2
95b2810c9,3
e091a7dce,1
8cbc9e8a2,4
9d3774025,1
f59397152,3
a168290b9,2
d631fa033,2
970a3e0e7,1
f9ff5a90d,4
9aab47fe6,3
74fafd5d5,3
d3b38f1e9,2
a29f203d8,3
07bafcec0,1
bd2e2a613,4
53d7eab35,3
6094fd727,2
be541df1b,3
aaceff2f9,4
621f9c562,2
20b198c77,3
cf99678fa,2
ae360265c,4
7ec62db29,2
f1c5acde8,4
6d497c99d,2
f32678ae6,2
b95abc52a,1
f3425ad46,3
f00e82516,4
5da7754a6,1
dd0960329,2
f81080e64,4
3dd09498f,1
ba58e37f3,1
7bfa3138d,3
7af87b0e9,3
e031aa024,3
0ecb9d4f3,2
95a312ec1,1
0919b238a,4
9042d12ed,2
4ab4710e0,4
b661e13c8,4
2b5349ff4,3
64438faa7,1
f8a723197,1
57a95d735,4
17ecb4550,1
58c4e9f5c,3
381bd3018,2
0fde2c7cc,2
ed6f693ef,2
c5f2c614b,2
1526cf0a2,3
55c5189a6,3
06fc80c2b,1
4d3a84704,2
ffea1ef51,1
d7c87febb,1
ef4d4d0d0,1
1cb33307c,0
4c7270fba,2
04204b8a1,1
3d80aedb1,1
f8af3929c,2
409f0a30e,2
fa752a9b7,4
1b9bc20ed,2
c3868c29d,3
8ec13a66e,2
d787cfbc9,1
c3dea2b43,1
1a251e813,1
734ae4be0,1
f3409ad0a,1
bd1cc6b5a,3
8f55ec42a,3
f23593596,1
12c8ae39c,2
8e5a8b127,3
4e1af64a8,1
d7d2d5063,1
925d65c0b,1
1e6cae3fe,3
87fbfdc44,1
fb2176a0d,3
021c9bd5d,1
569f0042e,1
0a4465e2e,4
71fcc91f0,2
d02c16ba6,3
2a291de5d,1
88920eb75,1
864c81ba0,2
f857fda99,2
c99e1591d,3
dc4092be1,0
082df54ae,2
fa8a8f28b,2
eeeb944a4,3
ef34344da,2
8f0235b3a,3
3d748805f,4
2b006b40f,1
c40649db3,3
0d1589413,1
1c7538aeb,4
ef326716f,4
211ea05f2,3
8e3321de8,4
093581205,3
aec43e224,0
cfa37c339,1
67fe5be41,4
3b33a44c6,2
fb6ded00c,1
e1dd34d5f,4
b05ec9a80,4
7f01bc6e5,3
c4111fca5,3
7bf18c1c9,4
56c8c337f,3
f74ed71c7,3
7000a0cd3,1
03692b443,4
24b8b2364,1
bcccc164a,2
7e8dfdcb4,3
782dbbb08,3
fef9bb912,2
479b7da76,4
72837a57b,3
21af74cbb,4
71a09cc77,3
f8d51c4ad,3
609a9b08d,4
188c4c6de,4
844805c25,3
1f21d5699,4
9333271ca,4
bdba33638,0
948f4c314,0
10359504f,2
46934491f,2
facb5e336,4
9386dbc07,3
ca694bfd0,4
ec1e7ec3e,3
b3b653e1d,3
048a377e7,4
19513f745,3
9fa354d57,2
e86fe4dc4,2
f2fabb48a,2
686045165,1
d3c4c75d6,4
d0393b239,1
d80129637,1
32a6aa751,4
c4d50addd,1
ed670fc0c,2
dd548bc9d,1
3318e6d2a,3
6b223a649,1
402afe862,3
0dc2998c3,3
ac3ca079e,2
f16ca8787,2
fd0e3963b,4
3914719b8,2
68b0a87d1,1
d6623c730,1
ab4e3334d,2
5f94a65d7,3
bff736dec,1
67ae46f0c,4
ae5dfea0c,4
4f605c05b,2
62b164a6c,4
592dd2ca3,3
450ace55e,1
b78ea4bc0,3
555c3e9ea,1
c0f48f0d7,4
90bef110d,2
307cf438a,3
0e3a6023a,4
43850cfc2,2
66a6f2e85,2
53a8e277f,4
c9afc9a2b,4
c7a5c3e7c,1
38227ec2b,2
fd3f07bff,2
48a82737c,4
53f6d3a6a,2
95c9867f1,2
cd2cc0cba,4
774151723,4
24e35e2a4,2
2d45ed13f,1
aa82fda49,1
25ff67233,4
78a6e4205,4
f05e245f5,3
dd7cb86f4,4
75a918e47,1
97ee9e04d,4
23b8acc9f,4
771df9728,3
12d5f2550,2
0079accbd,3
596a80fe7,2
40895f625,1
9546944df,3
c67be69c6,3
8121fa2d4,2
fd9ca5f77,4
fcf9e8e9e,4
5b5ba69ae,3
7b752456a,2
92745def0,4
468edb849,3
5730889aa,4
c8d90cc80,1
1a8edf921,1
4f304426a,3
bf281b8fa,4
b16dba965,3
44628537b,3
7374f319a,4
071df417e,3
d53ea316a,0
bf891ac32,2
b272f26c6,1
daee1972e,3
95bbc65f6,1
7fb5023d8,3
3b5f2f125,4
0e872621f,2
a3b171296,4
752a1a18c,2
3ab9ccf3f,2
23da85fac,2
b3dd99379,2
f5d1813ff,4
b8b7d06cb,2
45a131ede,3
1a04cda8c,4
f52c95d2c,3
984f34ed9,4
657dd47b9,4
0202e369d,3
396043c96,0
d6e9cf916,1
f65775415,1
5b62428c3,3
db0b13cb7,0
2d240f34e,4
d55a67a7e,2
687bfc259,1
db9055b04,1
8f6b00483,2
7d876d3c3,1
aef0a0aa7,1
f4366cfe1,2
03f7fb1fa,2
090db750a,2
ca2c67435,1
615b85d67,2
2ef79eed5,0
21ff37b38,3
3655904e7,4
89768b0bd,4
a24f3eee2,4
09880b33d,1
ecd9d828a,4
4cc279010,4
9421f60d2,3
17061083d,1
f0cfb4db0,3
4b4526666,1
1c7c616d0,1
2adae9684,1
a6b8c7aec,4
3d79d76e8,2
ff346b081,2
e4841c6d1,1
50c107f65,2
d3f92b1f3,1
79d31978c,2
309bf264a,2
845e7bedd,4
60d3c8540,1
a8e125294,1
31ea2e325,1
af8fde324,2
78fee18df,4
f93fb4c78,1
449b0cbdc,2
d916630e2,4
fb9e2816e,4
82024fa6f,3
7a6ec5f00,2
c2dfd359d,2
cad532968,2
9d27240d6,0
6f8b49b5c,2
bdcfbb100,2
c18d26fd0,1
363393ea1,2
ca3b76f19,4
546e1662f,4
45fbdf598,1
6ab539629,4
82005ff6d,4
e9d55e2f5,4
4fe602d3b,2
a662b8475,1
429ea92dc,1
cfe2cc0bb,1
1af68dacf,2
9a7dd294a,4
a9308bb98,3
e14eb1464,1
1ffb9ee22,4
2339d5d2a,2
29a233127,4
02cd84980,1
0bd1d8774,4
095e18e76,1
1a6533e29,2
d44a3e48b,0
a2a9bec28,4
d7fd89f97,2
943a36544,4
5072ab216,2
072a60555,2
63d3e5796,4
12c7f2757,2
b2c048257,4
86d014881,2
a860f7899,3
36db59fdd,3
73aebc70d,0
a696db2dd,2
9a270dc0b,2
d14f3ea81,1
b6d205311,1
c3d1edd4c,3
c7419482c,1
f7b52585f,1
2dfda1590,1
6684d0e8b,3
51402e984,4
a06b365f7,4
9c24b555f,1
47783af41,3
f1b4f9645,2
abaef4874,4
c8c3d1078,4
375b35593,2
d2b9485a2,2
a26ed6e70,1
ee2461c25,2
b77a42c53,3
01cee484d,4
2f95a8889,3
7e02aefc6,4
5b95eda2e,3
d9d1604b6,2
6c4629a2b,0
5564d4498,4
e752e523a,0
9d86a9330,4
79b8302d3,2
d49b06c5c,3
c094d35b2,1
a00eb571f,0
ea5e28881,3
3210b7021,2
c7581c38a,3
6fc291dd4,4
0c9994b53,2
7abedded1,1
c23e38580,1
9f68dc94e,4
39da7d21b,2
303d1dd06,4
37d28023a,3
7297ad064,4
4888c9a95,3
189c9e043,2
0046c1710,3
9ce553cce,2
3256116b4,3
0df967bf0,2
ee0cce52f,1
d5418d677,2
be482bad4,2
cc30b7b6e,1
e110cef05,1
276502657,3
aaa37315a,4
712627ad2,2
c31e1903c,1
e86107083,2
4d9579477,4
78f1f4f34,1
1ea448905,2
5b220f7e5,4
f3014bfec,4
0481867bc,2
ea3303577,1
144c648d0,4
b175ced25,4
6197b35d6,3
28c072abd,4
6a251fbc2,4
fc910aaf4,2
b215ad7f8,0
27ac0cb65,1
5230f1d6b,1
6aaa1508c,2
ecbd9d882,2
90f7bf086,3
9d74613ad,4
cb1ba3eb0,2
34ed1c879,2
6f7493868,4
47e0cdabc,1
3d7e82fbf,3
bd72a44c5,1
0df18b80a,1
63b5d00c4,4
2f51cf46c,1
3e0869354,1
e10d5d816,2
a7a61f4b4,1
c7e8c55ad,3
e6ceef9a9,2
1be1f44d2,4
98965a8ca,4
f8cfa7a2a,3
180521248,2
926bc4e1d,3
6fca92b5e,2
ae621b654,4
95a255e5d,1
776fb2490,3
61e70239c,3
7aeef8c10,1
84da6b4d7,2
11ef08db7,2
ca90e2c2a,3
3ffea94eb,3
684f27e95,1
09bf3fb62,3
1787f2f57,2
7e9ba95b3,1
7f4d42de3,2
dce4f17c2,1
ea3eab2e2,2
f3ee98546,2
8825893db,2
922fd356a,4
4c278a44b,2
21978fa25,2
962bcd128,1
bcee5c144,1
9d11a4a38,2
4c81974c8,4
df479283a,1
c7817b7ee,1
98a400117,1
0a9415917,0
dee088bf0,3
d7d2fdb1a,4
4fa97b3af,1
5329930cf,4
5495304b4,4
70c6bc5b1,2
14dd58137,3
09db2f20d,3
0d98a0e83,4
aaea4d10c,3
4c83e77f6,3
415f25b76,4
1f8b516a9,2
3a6b18020,3
802f9642a,1
46d473bf7,2
ece479280,3
d95fa2b34,3
9bf5877a2,2
848fa385c,1
e53f94fb4,1
6b96f8571,2
340145963,4
4f7a1f872,1
131c729d0,3
1e8e7e65c,3
8f627a741,3
238ed0a35,3
63e065900,1
13f9e00f3,4
22a020959,4
3447d9114,4
8754a276f,4
b525245bd,2
9f8fe1af1,1
9fb2b4db5,2
8bfbd7b69,1
4144d4718,1
63b94fef6,4
4943a3a48,3
4bb3f423f,2
806ad8957,4
3b068ba06,4
d963353f6,3
b6ea6380f,3
d6b75044d,2
250c5cfcd,1
ed8da2273,1
1ee9de109,2
c5b9176e9,3
c0f4bc286,4
b12b6cf50,1
eaf16f627,2
af0e5e60a,4
de17d709b,1
7bd227a53,4
46601fffb,1
af4e4f8fb,4
dab61f2cf,1
ea779a645,0
c793fffea,4
5402bbe59,1
d6caaebfd,2
abda68a33,1
00e0930c4,4
29a5eb091,1
fb08ee2f6,1
3ea4848aa,4
0fd70f983,4
2e4f75534,4
418a0ea41,4
cb6c83a0a,4
7c1f57faa,1
ed4e735b0,1
0d7d7f712,4
85234cd2e,4
8d4dcfa93,2
aa6497a09,1
116315e5a,4
48066d4cd,0
7d5409bb5,2
27fa40a05,2
f19e5ce56,1
30dbf42ee,2
95258f027,4
485b3052e,4
bf64b3401,3
0dfb116fb,2
1d4075c43,1
ceb9b4b16,0
8fcc36325,3
64882d1ec,2
cd0c26c8f,2
cf785cd89,4
54ab8aa67,3
7093a3a67,1
7321efaf1,3
2c9962e2a,1
ea831dc57,1
3f9a6fa48,2
45ea36f32,3
581fe109e,1
d8f1c5205,3
e87a000de,4
f575cb059,1
0314b168e,0
4e5ad9284,1
879a0fae1,1
666509f94,1
a27b73e51,1
cfb29728e,3
b8505ba1a,4
b6d3f91b2,4
b0a2c5b80,1
4436b7779,1
3fe975c2f,3
cda48e23d,1
6695a0bac,2
70d5b3be8,3
b5ff4f756,4
871aa5484,2
0d9768943,1
b1dd712fc,4
ae049ae99,2
e949c7371,4
277205e57,3
cfaf07198,3
1bcd09e4b,3
f5083f7fe,4
57c9d6381,2
a44a7232c,3
48583780b,1
aa4a66ef5,2
2deabc510,1
85178a0fb,1
3e9399e9c,1
e5e56f69d,3
37f78704d,3
5e7474f56,3
9ca48c9c4,3
d9ec3d6d8,2
9358905bd,2
6648e6c41,2
a99c5e3e7,1
0c64cce50,2
488dee151,3
dcb662cb4,4
86793b19f,1
9c84ddcee,3
5b013f9ed,0
8c4dfaf4f,4
d35ec4641,3
e615362f2,3
c1f06c624,2
0612ce99b,2
0b7fab415,1
2070bc7bd,1
1a4ad3a67,2
3b5f2c890,3
73300df8f,3
740afa71d,0
be1f988f9,1
5f9ce427d,1
d50668735,2
e6a1a2a94,2
911342831,2
0f1be59d9,1
102cca700,0
894aee840,0
0e7b56e5b,1
c63fbaaca,0
a8c50f796,1
9cfd0650e,2
36fdbfbce,1
faf6042f4,3
40cd6dd65,3
37a1dfb06,3
db405b152,1
b87039d0c,2
e2380436e,1
7f5fbcda0,2
5b0f4aa5a,2
5d531952a,1
9734f7963,4
0a8ee347f,3
5f2057c11,2
20cb29e4c,4
9cd27ce00,2
4e1148452,3
ccf0155c5,3
a0fdf4a65,2
eb8f3ccae,1
8ce330947,4
f4ce91bef,4
3c077a77d,3
ff461932b,1
85e77fc90,3
32e78e555,3
6d0075d4a,2
4698456ad,4
6052e0e37,3
dd27f8382,3
b4bf00fd9,3
e54c14bfa,2
034427b35,2
9399a7585,4
c683e9060,4
873ccfb30,4
ff8479d08,1
0e1128fd7,2
a236d4f8c,3
198962e4e,1
b1c271aed,2
80d09d5a6,4
b559b1b6f,2
49bc1fb69,1
7305bf989,0
0948c5d05,2
fe70af98b,2
94ef54d3f,2
548dda704,0
e085c584a,2
0ceb5743a,3
c2730a86f,1
a27686ecc,4
7cf2dc7fa,3
635c67049,1
d61550faf,1
bea1e3a69,1
e69d57d0e,3
281760bbe,3
999095d3b,3
3bbb8a39c,4
c97c83a49,4
e184012d1,2
0ea2272a3,3
7931cfae9,1
7abb52209,1
b6da55f40,0
59d09726d,1
4990eaea8,2
110c341f5,4
8a732f9f7,2
7344a9f88,2
f3dd82f78,2
fe71692a8,3
63131551f,1
cdc6a4661,1
7ea3d5943,4
fc0cfc43b,2
3231b8f18,1
6bcde41ce,1
9d85a347f,0
fb32cc6b3,4
a31e1889c,3
73fd3bd55,4
addf306db,1
c00244181,2
96cd359eb,1
aa28d64fb,2
d6a2349a7,2
cd1b5a754,4
34e768a22,2
4625c5b7a,1
cab25bd07,4
6d27ffaa0,4
ed063f3e3,3
67debb1a8,1
67c750dcc,1
f787f9022,4
30917fcdb,4
9478f821c,1
58db99941,3
3c71e496e,3
360935609,2
38e72721a,2
7f9b5dd23,3
bdd762104,4
7d7e82533,2
70f2e32d5,2
9159ad1d7,4
702fcec8e,3
b80a7ef91,4
6ccbe85eb,3
4797ff3b2,3
324f1daa7,3
36ec9c045,4
1818c3d47,2
959f5fccc,1
fbd990f27,4
8fc438dae,1
4389c53a8,2
f0ac6037a,2
edfdafb9e,4
5a1472807,1
90a9be56d,2
b532f31ca,1
b529dbfb3,4
79c1a290f,1
6aad7bb32,1
8ad2cff58,1
ac8a06538,3
b8bf93ab1,3
1312ac06e,3
82a34c159,2
dbc64076d,2
57c53133e,3
dc9e6c9cf,3
58534e0c2,4
b36e7586c,3
a96220890,4
1742c791e,3
3abca6400,2
33ef951c2,3
96b2b1be2,4
ae5e09a05,4
6b95d510a,0
5af680876,4
b24eff5ba,2
7c93d708e,4
2261bb5bb,4
4c706f3ed,2
3ad251303,4
458f00e08,4
535be46e4,4
11f5d0e1f,3
08f7b1165,3
f7cbf3cec,1
593293367,2
c1ffb1e18,1
d1d3d1e6b,4
f4fab46a7,3
812b69698,2
ed3aa3db4,4
aa428552e,2
a3aac449f,2
da38b157d,1
8bbc48530,4
c621476ea,3
75e47802c,4
11c6383be,4
e1f5e56ca,2
dd78fd4e5,4
179a79e4d,1
e62192eea,0
91456c5a4,2
6987f1f6c,2
3ad2d5ac8,4
14b7b8704,1
4e89d7e90,3
93ce276e5,1
c3d394164,2
27f9bcb0e,3
d260006da,2
4fa0aebb0,1
5c6b6c6ab,3
22e3ea9f6,3
c2a862ba1,3
51231911c,1
344e96b6c,4
6cb05c2f4,3
0f546e207,1
6452c6e29,1
d0ef2bf5c,1
92fd65d9f,2
da4b54316,4
95d9c0d0a,2
d4b659ef6,3
fad8a5923,3
eb202445f,2
5523bad2c,2
44b20d6b7,2
831f7ee13,3
691ab8f2c,3
8680b9acc,1
fc95f7cfd,1
56b31dfc8,0
13b608198,2
d4ef988f6,2
97da53dfe,1
598901beb,3
0127736a6,3
c15d51573,4
91cc4107e,1
f02a8bc4d,3
98882017a,4
3f3e0d53d,3
401c536c1,1
a77e073a0,4
b39849240,4
3209d52d1,4
a0ec7cf40,4
8aff1201e,2
a12a10d00,1
668afb604,3
a16c6b680,4
b9ff42d12,3
a1ee4f201,3
50f9e8f17,3
f4c44b59d,3
cefb15d2c,3
907169c5b,4
b8f4c3c95,2
5707be9f3,1
5865981a4,2
cd5592936,2
924d44c8a,1
77345c2db,1
72b99e2ae,2
c9ce77a95,4
9d4b9930a,2
f21da20fc,4
28137846b,3
0cb3cbf77,3
f23f2db4b,3
bcc4aa3d9,1
4491de321,2
ea7598339,1
ad801a8ce,2
d5988d870,3
a5d86ea68,2
2e3449b33,4
f5d06788a,2
720eff32a,3
4af176d8e,2
2a17e8f4f,2
3b3a99a18,2
80c3d1f9f,2
3b5a83169,0
02b0f3446,2
fa9d9b93c,1
692d73b55,1
3319d440f,2
ba748f786,3
029bdf8bd,3
77e601459,3
12ec862f5,3
49e81cf20,2
551aca569,4
8377e3305,1
b259fdd5a,1
e831231c9,1
0645448d3,1
ce09f2bb1,1
584d32416,4
a7fd44d7d,1
d65a7de49,3
7a095d876,2
865e24ae0,4
a29f49d6c,4
199da5b6a,2
e33d26ad6,2
f2bab5d80,3
2104caaf9,3
de45fe798,1
e5e2873f1,2
f18291f39,3
646e56f49,4
666bd3fab,4
47eb6ee01,4
8976b7cf4,3
6dcde77ea,4
5e3e532b5,4
a98931539,3
1ffbf011b,2
c562855bc,2
a84af6ee2,3
6899a9e01,4
7776e2d5a,2
2452e35cf,3
f8bea5412,3
2ddb52b59,4
2b0a1a92f,1
b062268cf,4
e9f1cb6fc,4
84b75d037,2
890f524ea,4
abd7a3644,4
b7bb469a6,1
c73207e60,1
cf7f7519d,1
3491ab0f8,1
418e6c96e,1
2aace4809,1
966a52844,2
d476fb3d2,1
bf0f66c76,1
fc85482f3,4
c67ceb1a0,2
cdb61e4a0,1
9b8d83072,1
887f6ea41,4
5367dff7f,1
fa58c9482,2
17b6af953,4
d656d0310,3
a377f17dd,2
249937485,3
a069b68f4,4
5ae2c6586,4
520d525ff,4
3a15914ff,1
efabc5b4b,3
e99b5652d,4
04bde3a71,4
88305c625,3
53e099571,4
f257f7b7c,2
cdbe39dfe,1
9e561264d,4
67aff78fa,1
33d6da4b6,2
6f40a3c89,3
fc3c2dd1e,4
c1edd8a2f,2
e19863a14,3
492e3ceb1,2
9374ff179,1
fc8b748d4,1
939acc4e1,2
021a9de0e,3
94f6ffdc5,3
07b908a27,1
eca91551a,3
43345b4d1,3
e4e95454d,1
f4d2ef282,1
4e83295b8,4
38c6148a3,2
75b33cd1d,4
acd2a8c15,2
27f1ab010,4
61d424371,4
28d8df59e,3
9a22a83e2,4
08e23c102,4
623300e2f,3
5859b26d9,4
c3e040ffe,1
e93b2f0c5,4
c48a522b3,4
f68a1df39,4
8ba686c7e,4
f01c3bb35,0
ea929133b,2
c46cf28bb,2
4209fa995,0
7853f1e92,1
2a91e876f,3
d10df409c,4
ced9a6c48,2
cc00ec8af,2
b93342403,2
d36ee84f7,3
9524f76a9,4
b071e777a,2
c5d0607cb,2
6818b2d64,4
3b0903573,2
6f88e50dd,4
58bc50f1f,4
da5d53c00,4
ff6a36405,2
4030bbd83,1
472085bac,2
92ca39ce0,4
7fcd35630,1
709624933,4
d97764d17,3
1eea05736,1
1710b366c,4
c59084b7c,2
f5dbd310e,2
f939792e8,4
9d89b799b,3
1d02ad034,4
226380287,1
8a59526f6,3
249509f8a,3
3a673e7d7,3
db6e76992,2
e0289dee8,1
f5a8a54ce,1
648bd1c3d,3
e79df36a6,1
fcf7d8381,4
e1ce677f9,4
0cdef531a,4
381a60376,3
3d01f71e3,2
4839a3341,2
4dfef2414,2
61cbbdd94,2
f31b80761,1
2d3dc1e5f,3
ce5ac7852,2
77bbda99a,4
5e6b02a87,2
0b1b7aa36,4
4de594c69,4
38c3d8dfd,4
7de87b236,1
21b9aab99,4
be7a29ccd,3
4985e9abe,4
fb7bf0ca0,1
09d59aee2,4
4bb026f02,2
efbf3fdeb,2
a818819d5,2
65fc88ea0,3
42ec28f72,4
07c6aefa5,4
449cc4db2,1
5664dd8ba,4
0a3470446,2
0cab5ddae,4
ed4913e0c,4
40b697009,3
e19165754,4
56045ba61,2
fcb54a318,2
9f36f0f04,0
777d0efca,1
ae708432d,4
365206401,4
491c028ed,3
dada7fb95,2
3fd878e1e,2
219c41ecd,3
4832858f6,1
24e0c1639,1
27959c6c3,2
e8307f240,2
8805a8cdd,2
e9dc7be0a,2
9c140b105,1
9801f4683,3
62b8e9b2f,1
01875b8d3,1
9cb0fb630,1
8d676b37d,2
bc9558ff2,2
b6bb74e90,4
13344823a,2
2285258d2,2
d765b180a,4
35a056eee,2
65cd649d0,2
5ac03395e,2
88af72d1d,4
f78fbca66,4
1c094491f,1
e02a95978,1
b4be456cd,3
57782e75f,4
6211d8c3e,3
d24706633,4
a5ae6d01f,1
a3fec2010,1
4e69d6c1d,4
81fbbb6c1,3
4fa1c4bb3,1
19697ef26,3
0225d2093,3
f17310c7a,1
46213a698,4
501f25ca4,3
a2c13fe47,3
0e0017da1,3
5083eb734,2
3f570eddd,1
79b187ddd,4
d62daa8aa,3
1eff820fd,4
74c030e17,1
d79150217,1
3ea5eb51e,2
e5a74faf8,4
173f58d6d,3
1bb5c925f,2
a1e98773a,2
df62c69f8,1
a73b445eb,1
cd733bf3e,0
f5757f749,1
e8c3af611,4
5f02c5d6a,3
a04c20b92,3
053553ce4,3
079e8e5f9,4
543d9876c,4
f2ec4f702,4
89d0b4fb6,4
3ec60effa,2
f6558ec0c,2
564de5216,4
f1145e2cf,4
14f5b8bc9,1
d6cdc667d,2
f409d6a5e,4
e755eac8d,4
155a65f45,4
ec40f5094,4
e95209758,1
d81227440,2
8127fc86a,1
1035e7647,4
d1d41875b,4
c582aebc9,4
94f77f167,1
ad8988d66,2
cf92c9e53,4
06002068a,4
a59595a9c,2
3b1338c6a,2
008652963,2
ba782d334,2
f04a92a4a,4
2d7641a19,4
5484f83ae,4
87fe1190e,3
c34aee1b5,2
0cbeef62d,4
d2ef6b0ce,4
8ee0ff988,1
1d32fdfed,2
83c1393f0,4
9ff3e17f4,1
2bd19ee29,3
7dc269289,2
269c5b546,4
8782635cb,3
bc02cb144,3
18cacd57e,4
d9178e623,2
de2bc6e36,4
04bf94e58,1
c4e6813a0,1
e620584f0,1
6d3d182a0,1
81d8fd9e5,3
6c8c56c67,4
5d1837cd4,3
b2fa9e76b,3
b8a186468,4
97d1d73b3,4
5720aeff2,3
6b7d0706d,2
619796969,3
03154323c,3
150a5414c,2
8424fd925,1
da7325042,1
2def730d7,0
ef33e9e92,3
be0459ccd,2
8dc7050a9,3
8765b34f0,1
0d08cbd65,4
09bcbcc17,4
1956274ea,0
c8d83fb64,4
e1a495eab,4
c82b3dab0,1
16798ef33,4
0f7cc9fd2,2
0f9b5ff24,4
5e1e9c882,4
f08aa7ed0,4
501e6fe63,4
492eadc03,4
9363d667b,4
e25d4b735,1
c25ee1d60,3
6a0735a13,1
403526eb2,3
803d6cf84,4
61fdfed5d,4
7cf00baee,1
f23747800,4
17d68cef8,4
d1df0dad6,4
7fd12d3f2,4
6f9a671b4,2
e323527e0,1
0ce86c383,4
d099b1398,2
5d3bb458a,1
dbfefb3b3,3
97fe38408,4
b67e41f4e,2
6b21752ff,3
6180f6ea5,1
a6c057095,1
4606d080b,1
c5ae58b37,1
64b9f1fda,2
0dcc28c74,4
e2bf9f9d5,3
6007379d5,2
392549cdb,1
c196499ea,1
bb23a06ee,1
75de594dd,4
e88e25bc4,1
a37639b9c,4
adc1072a0,2
ad69768f2,1
31b2ab140,2
be78caa07,1
e58935876,2
f2847575d,4
f06c3f277,1
ed9df93fb,1
cf5e1dc3d,3
0bdba53ae,4
d8ce2e155,0
02b507e40,1
ad0caccc5,1
7d43db30b,2
d0a129570,4
604aa6cb8,4
d72c7293d,1
d6c907902,1
c081d3629,1
d2d8c78da,2
617d58794,4
264ad33c1,1
eb15fcf7b,2
f40eb5fc7,2
4fff73fbc,2
53ebc9425,1
26aa5370d,2
91d0fe78c,4
a317c7e9b,4
262be4911,2
51cacc4b8,2
96b4e9b27,2
26bf3371e,3
2fb04c8d1,1
8777d5920,4
a503f69fb,1
391c07663,1
55b816700,4
90161ee44,2
2f3988b4e,3
11e4b614f,2
c312136a2,0
e84dfb7e3,0
8a81178e7,1
1a44d4bd3,3
7a9e25e6d,3
c503574aa,1
ac3f4aec5,3
747bc9980,2
6be275cb4,1
d101f387b,4
c2acce386,2
265349cc8,2
f61d4e0ce,2
be3541c2b,2
780c51dfb,2
492d4d9d1,4
0d5b06046,0
a0b61a03d,4
a3276b6b0,4
656459c70,1
5000e7fbf,4
544ec9871,3
0b44f7b2d,1
6d274a559,2
794b6afa7,1
13921978d,1
3a28466a7,4
620cca3f1,4
eefa6bc4b,4
49f8c1385,4
e38d6e4f5,4
9722dfe17,1
6f5c2fe62,4
835330218,4
d860e093a,3
5f5e29352,3
83e0eec2c,1
dbe03d1b1,1
4a3e2c329,1
c4130437e,1
c27a59f51,2
21c450753,1
ebc4b3548,0
750acb170,1
9ba164213,2
6a06314ec,2
a794e3245,2
ade2c8e9b,1
895564503,1
3e2f3ee14,4
7db59afc0,0
af903aff1,2
6ebd84e06,2
65277b6d7,4
be561a907,4
2cebcd19e,1
68e9b12ba,3
738f6cf50,0
432d3c29e,1
82980ef15,2
1b848cdf5,3
f0d308e46,3
2cd5096a6,2
4c1e81d8d,1
395c4755a,2
81ac0fb65,3
e1f809f71,1
be046e917,2
e5c51e06f,4
890331874,4
a0f2f3a98,3
2525ffd0e,2
d9a7bd1ba,2
b712513e5,3
9ddc11ca4,4
3345f233a,2
34991b47d,1
50dd87537,4
eb137420e,0
df819f3ee,4
32452548d,4
1be31efce,1
b5011ed9a,4
97feb67a8,3
8cf4c5c06,1
3182e9bce,2
cfaf7de5e,1
89b4c43c5,3
ee44ef33e,0
819235a42,2
c4c19d43c,1
3b9687893,1
d7e104a48,0
ccd591803,4
f2a308ca0,2
377525d70,4
1e576f92e,2
696594a39,1
ba0ba7f44,2
1dd9721f2,2
666106b61,1
1d8495b98,1
2cbaca583,1
27f70f392,2
90680906b,3
94597d934,2
24c6b615e,2
4688625ef,2
d77ac5f93,2
063fa26e1,2
07dbb240c,3
3c2ce0ba9,3
1d1110e0f,2
9036318aa,4
9d410d32b,3
4404e872a,4
84dfe2c15,1
924619a26,1
84e1db7dc,3
d82750586,2
55ec0af11,4
2c21622cd,3
c1557abd9,3
7eaa87d85,2
edcd62673,3
af04c6a53,1
13d7443f3,1
b97e71736,1
cc16c57b1,2
cfe0aa64d,4
e00b300ac,4
1da2421c1,2
468df34cf,1
cd1449614,2
215444947,4
bec90a323,1
163dc4d89,4
3d1c9a9de,2
4bf987dd7,4
5a30e83b6,1
a1c4bafbc,2
9dcd790ba,1
e16ded132,3
64da5bdfb,4
728a8abbe,4
d33a513b9,2
d6cf66f88,1
909ec4551,4
6c36797ec,1
f4066f08f,2
c489b585f,2
dde64fc3c,3
716b775c5,2
8fb635a06,3
cdf9f66bb,4
ef4c0b081,1
bb183e8ff,2
6f517ca5c,4
1a5b2e7f5,3
5965402ba,4
f8ee69cf8,1
beebe07cc,0
85df22b65,2
b141470ba,2
b9ee7bf8d,1
a3bc7e59f,0
8738e190f,1
f90a6d4c4,4
a5dc0bbbc,4
b74bd3020,3
e031dc611,4
d0c8d7387,2
ca96fb21f,4
8c3162593,1
80e3af9d9,3
d350af949,2
bbd1d4ce0,1
089c12018,1
0a2e0e0f6,3
ce7e32055,1
af55ed15d,3
80ff8b48e,2
05edb2128,1
340ecb533,2
4eeb96cc3,1
fec4a755c,1
bad0fb576,2
9178579bd,2
6eabb467d,2
36fecc4c9,4
4a96d8135,1
85b473fcb,2
e2f1962cc,3
1a040afde,4
03dbbabb2,2
acdaee1fe,4
8104be332,2
561d58f66,1
993049fd6,2
d7e70c440,3
ec5797f90,2
516f90e93,1
690709a80,1
6a7859258,2
167b39378,2
4e0c8b399,4
343110be1,3
204635b74,1
b6cdfd1b6,4
e149de7e6,2
b5834d69d,1
239662051,4
82647c4d2,2
4978f1572,1
bacd8d370,2
c7fad571c,3
98b83f118,4
5c7ddb10a,4
3ea191921,3
f9a8bc654,1
48b0b3d3e,3
560fc0423,2
e5a2f7610,2
fb3d8e662,1
c480e2beb,3
53dd0049b,4
52d662dee,1
6c5a4b9c4,2
c1a7655c8,4
a393ed091,3
573c578d0,1
45844321f,1
cb3a64f64,2
4df68f4e9,2
db3963f04,2
df9e82f13,0
6c1e84b70,3
001d503e8,3
3bd285147,3
120cbcd94,3
a3cabb21c,4
16c22e266,3
6c503f822,1
6e58b7b25,1
488b3d3c9,2
2d93f0bcd,4
74ede439f,4
74c6bc410,3
7957d3691,2
07136908b,4
ba057ca1c,2
d6da01c6b,2
4f9bca7e9,4
b0f6117c2,1
a0011c6eb,1
860344fde,2
bb888acad,3
eeaa62643,2
24f3cf2a0,4
0764a7eac,3
4082723d5,3
61a560fa2,1
90c076d07,2
d77000c72,1
ae418e62b,1
90d28943c,4
13ea5fd8d,2
8c296fe1e,4
1bbcdf7a8,4
0484a5ca3,4
b3bbe5f53,4
bb92a7567,4
ab2f40da8,4
1a778db04,3
a69bcb570,3
0fc9527f4,3
782e979b9,1
884dd8f25,2
5b211451b,2
70b11a7df,2
43f1d89d3,3
049e36678,3
9f61094e3,3
1f69be259,4
8b9f17174,3
aae936b8e,4
e90037f58,3
c559c6127,2
b65d0a984,4
6d4b0c3fe,1
b4c43aecc,2
adab615b2,4
74d3658c4,2
1fb9dbf3a,3
da4c16351,1
ed3c0df6b,3
f77ba9bda,1
dc3e4941b,3
ac67e44d0,4
1e2de68b7,2
9394c8f0e,2
66b44fdb3,2
ebbee9521,1
2fbc547de,2
938349c86,3
9657c7cbe,2
2ba214359,1
dfb9314ad,1
0551cb75a,4
bec357108,1
f8fba9187,1
8a043e726,4
734a6d4dd,3
e3eb4f930,3
d32369074,2
c86a2a0a1,2
c27d5330d,3
fee53d60d,4
47b7eb84b,2
355ad26e3,2
0c9d49657,2
751d8b175,2
74670724a,1
cc22b55f9,2
80b634cac,1
b1abcbcf2,1
72640001c,2
dbf9cb69f,4
8f1e51824,4
f7d08e1c3,4
3a7672d05,4
810d4289b,1
109163b2b,2
cea1e7845,4
2a9c5eab2,0
2b2a7ea83,2
1ea0c2a00,2
c24f53ec1,3
a2bdcdf43,1
93bfe3b45,4
a81c4083a,2
d1405c482,4
da68d90bc,4
430c7ea97,1
e0e62dbf1,3
615069b7a,1
a94f82184,3
bc85444e9,4
285806a87,2
c4431962f,2
9ab85d40c,4
c4c846cc5,4
7d8a1df6a,3
17166b40d,1
13f4f8d56,4
12dc0e350,1
5a6f06939,3
cfab64c1f,2
9090dfe7e,1
cdd0834a9,1
3b54d2ff0,0
ca093707c,4
450f42a03,2
d8d8cdf8a,3
6f57a612f,1
ce81260f8,1
f2695ba4e,1
c2bde6c93,1
623593736,4
4ecc7b377,1
a8eb87a19,1
44fbf0b84,1
095faabaa,2
f2184d6e6,1
196f254f3,2
f8110e44e,4
626f21a1e,2
7ae197acc,2
6fc48261b,2
015908ecd,4
095af2118,2
464155b72,3
b19ca2e62,4
569399673,1
6e388ef09,1
8a0a39ae9,3
08ae3eed1,3
9c05b8a69,0
1e699664a,4
b9ff9ae11,2
4d14064e1,4
e469320e2,4
a893ddc9e,2
9b47ee109,1
bcb1ab1be,4
7e3b71ed7,4
0f4cc4df3,3
bef4865b7,3
ffb1e35e1,1
640d9a19f,2
d7dccc77b,2
048e1abc5,4
8f2f6c34c,3
d1bf21817,1
dfc29cb25,1
1c3eaf19f,4
f6cd9f56b,4
b0a668568,3
23909197e,4
82a8df609,4
314154cb7,1
8b11bd238,3
52efba7a7,0
cf125d1f6,2
d63a6beee,4
1e46578c9,4
2b61cadd0,2
340889612,4
5b99137ac,1
eb94e7e3f,0
ddc357f3f,4
b588edd6b,4
452addaa7,3
8d0e4ce0b,4
23b2aa9f4,3
191edbe3b,4
4893339da,2
34deef477,4
8d0971a45,3
e9cdfb442,2
d3b88d06d,1
0b2f6de07,1
4dd4ef76e,2
868a6b282,1
3e8500c2a,2
fd9b5220d,2
82ef0904a,2
f8bf1f182,3
23a6650c4,3
5c5189b56,4
e7512e549,2
b450df98d,3
e4bfe1a51,4
ca35dcf38,1
6af25b653,4
dd74fd4b4,3
e73771274,1
91c55d736,4
a66cf0ee6,3
1961d814a,3
8a154135a,4
d5bebff81,2
054095655,2
8f9f7d3bf,2
ee8197788,3
27a5c14a3,4
4a628d5ea,0
0e4eb6bed,1
ba7974eea,1
e7c1f4c71,1
280a19fde,3
6742b2f4c,1
2c840da5c,4
4dc8a3de6,3
7e7eb03c8,2
63abb7d89,2
e853ed0d4,2
14aea25a8,1
52203fcdd,2
c91979f9d,4
6ef2a9710,4
a8ac8b270,4
9303a5a96,2
f0c4bdaa5,0
bb7a0dfd8,2
adb569968,2
5faac2a37,2
420faace4,2
78eb1ff40,4
f8aed2e9a,0
f151b8040,1
f3e8d96d8,3
421c20853,2
4dd31f93d,1
c4aa1d0ef,4
0de1a6efe,2
c250a6441,4
9843bb7d5,3
bde4e196d,4
37a3ca9d9,4
ccd3bd37b,2
3ca634c68,4
511351d55,4
8d9239735,2
deeab0fc5,2
5fbd4aa53,4
814e4dfce,4
91c57560a,4
5bc91f92b,4
5cad62f10,1
d3f0d7228,4
e85bfa7cb,4
9e3c82b5a,1
8eedeb405,1
fc428902e,4
baae8f4bb,4
dd3b0c971,1
50ae487fc,4
634a2d6ed,2
5aacfa367,1
4240ae918,0
e2de606a0,3
2ebcb2e02,2
9911add5b,4
4d0bf11c5,3
4f46a02af,3
d5816f5e7,2
c2224af98,0
a33c493e0,4
cc5ebb4b4,1
bbdd7b4f3,4
158676d7c,2
3d4f0fdfa,3
d58bbc78f,4
9fa384850,1
7112385de,1
18900149e,3
c8c7c7ee4,1
28325b3d5,1
5604b1b4b,4
a7900f4ec,2
c12240672,1
7ed005178,2
fe8797927,1
fe38d5ffc,2
8236e216c,3
fec5d79d0,2
78e4fc283,4
361f3f278,2
2ae6cda7d,2
5f1ddbd0e,2
d689e43d3,4
501c6fe9d,2
da9bfaabc,4
2bf80cc03,2
97eca3abc,3
eb34642e2,2
8a369e08c,2
6e72dafda,4
169a47ceb,0
28ebbe75c,1
cf019d00f,0
b1a73b0b5,4
26645d7da,1
6cf10fb6e,4
318800c44,1
a90798045,3
f23b5b477,2
2ee1902e6,2
21b47468d,4
89c864b4c,1
9595e492d,4
159a08149,2
45b43d15c,4
44405c1c2,2
a9ec7f379,2
191ab1abf,2
81cf77a54,3
78fe45793,4
9b01619e1,3
cd9f0fa1b,4
1ed6caed2,1
5de46abf2,3
939027417,3
b9c01e7c7,1
fd56d5adf,3
c310dc8e3,4
a5c3f9153,3
a2d789b33,2
caa619b24,1
63373bde2,3
7da0b6748,1
6f01fa715,3
cf823fe95,2
c9456de8d,2
e2f74b914,1
9751c20f0,2
5ff8d0fee,4
f3ca28aa1,4
be1caa2d1,4
0d882a77c,3
2ca54759a,4
79304a92a,1
fd86921f6,4
e03bc04cc,4
a8967b31e,4
e4e371d1c,4
8e5b5c870,2
b5c68765f,4
ea9a1ee5c,2
7d7bd1619,1
72d018a35,3
14bcc4bbc,2
8402edce8,4
dabf95220,2
5aa096eb1,3
3eed772b3,3
3bbb69d2e,2
f1d3cf2ab,1
3d042de99,4
4083b5e8c,4
5f4c80ffd,4
36d94f9cb,4
feceba12b,4
922418176,3
73f415b05,3
55f4b8bce,3
6132d96a4,1
716cb539f,3
527395d87,3
34c8e456b,1
5fcd4c375,3
647e1be95,4
62fa55a91,2
ca3eb54e1,1
6b05a04d2,4
e6e981d78,1
8778a9795,1
d2f3e3e49,3
58c0aa81a,2
8f1e6e6c2,4
88a0b1238,4
8757bc681,4
48a067308,2
ccba2b8d1,1
d56dc92cd,4
fe5560b70,3
99bc2a7a1,3
5c12667cf,3
5d29f2f11,1
810167339,4
52a0a3cec,4
31fd29beb,4
eb6c41d6e,1
3ee57f395,1
eeff4034c,4
d57da0106,2
570c5ffad,2
19d84f9de,2
12b8e4da6,2
e739d7511,1
8ae52d40c,3
a2f165942,3
a3b0f3b7b,4
492709e57,4
c67b5c182,4
9eb87edab,4
d7432fac3,4
7031a5cda,2
8e6725dbc,2
3fd732fc4,4
9f033fb12,2
d5fe28556,2
deb592585,4
8a356cba8,2
67832af51,4
f78d67427,0
41eeba049,1
030068497,2
5bee7560b,4
d5d923c09,4
e65dc3c7f,1
c6b44f4a6,1
7c733881a,0
9860ed0b0,2
3cf371788,2
2a9eb32cd,4
ba1065a24,2
133cd6876,1
0e8e7640e,2
8b994fc99,2
90dc5236b,4
bc8cea83b,4
eedb57cd6,4
963ca7ec8,1
bc2272277,2
61217d1da,4
0dbe0a1e0,4
294c406a4,4
e433950d6,4
98b106dc9,4
3faa593ae,4
d501b2fa5,2
b9bd43ed9,2
a74808fe4,2
780a11e8d,4
663a6ad3a,4
780bc6ac8,4
43c4e22f0,1
9854d0dbc,3
48c6e1680,2
077883558,2
bdaa4e12c,3
858cb8fb2,3
1854cbe64,2
301987149,3
7545c106f,1
a24483828,4
5509758d7,1
047a3dc86,1
8075da3a6,3
56400fc6d,2
e4d63203c,2
0cf8ab092,2
b5cd50120,1
8473ea25a,3
ff4bad8b2,3
4f11633ff,3
e6b83f75f,3
51147d230,3
e929b302a,1
3a6f2ca7c,3
be490ac3d,1
0111099f8,2
b1b29893c,4
15c078a1d,4
2204006b0,4
abec498d8,4
627896ec6,1
160605a86,2
71d223ded,4
c871ea250,3
68fcb36db,1
4e68b3f75,4
c162b0da6,2
0c8374d8c,4
6f417401b,3
bc3eea132,3
b7de115e8,1
96ac73ad0,4
2deb7e923,2
1ec864536,4
6e207f192,3
99898aa3a,1
4a6c731d1,4
52eb2a1c5,1
e1b1b7248,2
4b45e3d52,0
769c05615,3
4a79d0950,3
a3ccc451e,4
53d3d6316,4
4c93e6f35,4
ad8fed7c3,2
f3541b1bc,1
46b61a2d2,1
ba7801d57,1
89912005b,2
22292c841,4
bc06d9ea5,4
e29dc89da,3
0575615fd,2
9883ba0a6,3
cb6f9335a,4
eb5a2cfc5,2
a4d1de41c,2
b63a8ba44,1
bc5944086,3
ff1572529,2
58af165cd,1
dcf9473c1,2
a2a734348,3
630891c65,3
2e81f8cef,2
508811830,1
3d815b4bc,4
9a8ca9c92,3
5964afef8,1
cd802e76d,3
cc0b7f03c,3
681e534db,2
9406dfde7,4
a2f0eeabd,3
2fa420bfe,4
59f99eb7b,4
e2d8f6d49,2
4fdf852e8,3
72943b6ca,2
fc5485a38,2
f897ce4ca,4
33a84e982,4
9d437314b,1
0da144b18,3
b30881bd3,3
33c3cb115,1
2eb02905b,1
707656d7f,3
e49499be8,1
8a2040751,1
82cb3eb59,3
6b467cb2c,3
775496f57,1
144e57740,2
1a5f780f3,2
40116a9e7,3
fe1e4e8fa,4
5d3a4b13e,3
4ca157452,1
a0367f7e0,1
50a4dfde7,1
ed577f8ab,0
1b5c4d501,3
b73ee88dc,4
b250f4035,1
b149e391c,4
2098c5f0f,2
ce31622c6,4
38e9f3adf,2
81a0ebc2d,1
426f88f29,3
8d63ab362,3
1e6db8eed,0
519e13c1d,2
d1e418fba,1
a67b605e2,3
b9e9b509b,3
934b61e2c,2
2e050c364,1
03dcdcd53,1
38ca1a419,3
e5a2705ee,2
864d55acb,0
86b85538f,2
1456605ea,0
770645378,2
56a14ce4e,2
1f45ecd7f,4
1dc9e73c9,4
4e1661dc2,2
4978f492e,4
824f345bc,4
0c6769645,2
0a7828493,0
b6f3c32c8,3
d884d352e,1
f03f3659d,4
e4027ba6e,4
07e70b072,4
cdc0bf103,3
68a9559ab,3
18421f390,0
1c4a812ae,2
9215a884c,4
63acf4157,1
d7c965c59,1
7e391e8db,0
dcb579a64,1
5c6f6badd,4
8e52286c5,3
aa1f77b38,3
7ad5a3645,1
5e7916308,1
6250e5e1f,4
33afc5ea7,1
1c99fc32d,4
2c7904769,4
3bb3c3f41,4
fc8281dd8,1
f60dfc2a2,2
d0120359f,2
403c6cb85,3
07d914139,1
924323d36,3
9576d6820,2
3c7106b78,0
b0a509d5a,2
43a02bfb3,4
635d7d444,1
59898b90b,4
d5f80ffa1,3
bab6d2bbc,4
1145e3572,4
310e11cd8,1
1f7f25cfe,2
53ba70fc9,4
034770757,2
ff736aed4,4
52d52114a,3
b2ba57174,0
b452fcedc,4
8a28ff135,2
224754b26,0
d9801429b,1
f79ecce0a,3
d949d3c85,1
26c978408,3
29558e678,3
c68267a21,2
5037b355a,1
6fd6bbbac,2
1e1acbecb,0
24387278f,4
eab678e04,1
7698dd2f8,1
86c35d610,3
d5c8e8f95,4
40b28c8b2,3
13b5d77c9,4
0c4c94d92,4
80e71a429,3
0871b29c7,0
737963888,0
83e756b85,2
eaf4ce405,1
3bb5701db,4
bb88016dc,3
1edeefc59,1
4d3d5de63,2
bed0a2dd0,1
5c11b7b71,3
771236ce1,2
199ae3a3d,0
609a19425,3
c3979d74c,1
a3c11ffc0,4
5f484ce83,2
d5dc8e2ed,3
b5a3de47a,1
22bc7ce02,3
1d6e5cf3a,1
7a2f298b1,4
cddfc651c,1
f40103c83,2
410a26705,3
71f7faec1,2
8996af30b,3
40317cc21,1
5e8ae0408,2
d6caa6c1b,1
3c3b8f720,4
66ee92015,3
0d23ebf62,4
f308d84f9,1
a83316db9,4
4ec74bd2a,2
1fe6926c9,1
6cd08f9e5,4
8fab79bce,1
6bb0867d2,4
af5663a50,4
9b72b6259,0
414d8071a,4
2832e999c,4
14dac66d4,4
0723c702f,4
d8a5cbf50,2
7e53fa3c8,0
ac8a6d6b4,3
46b72a554,3
abad54d9e,4
dc799e6cf,2
66e380876,4
c9beb51d4,3
adbb5691b,0
ddff16456,3
34b07073e,2
faa44e335,2
6aee6ba64,2
ce6d26ea8,4
bf7468418,1
95d3eeb89,4
07cec96ed,3
3e5f1ed95,4
2fb2b5440,4
0e1afcba3,3
a66fac828,2
68a455136,4
b8cee8864,0
f0f332a40,4
d143d39b7,4
9f6c09778,2
ea90f4eac,1
1763f6e8c,4
32b0f73c8,2
8a44d1d0a,4
4c144f0ed,2
cec32d2d9,2
ce08bf758,1
2ce451b02,1
35ec1a697,0
9918c8c44,0
8e927101b,2
e71ce9398,2
3701826a8,1
0646fb6ba,2
e394a70d8,3
88439d7b0,1
83ba40cc6,1
f720565e5,1
590738ca0,1
f6a6a9309,3
7b709929f,3
a6f5db120,4
c9bfae3ca,4
592ff368f,2
614b290f5,2
fc5e93ddb,3
ed7eb98b9,1
9df6e927c,1
b8d8b2272,2
9c60c63f6,4
01f72959d,1
7c4c942d5,4
b37fc7248,4
599b33066,1
d5f7c611a,1
fd3d262c3,4
1bfd3fba3,1
5d9384a34,1
cbb603649,1
c2f964b3b,1
d5681d2c3,1
47536cf31,3
ae4274dd6,2
38cbd55e5,3
aff0a8156,4
42b588455,1
2136ab169,4
8bc88a336,4
559ae5667,3
e881219a0,2
b5f9c95df,2
48fe551df,1
d4bae51c9,1
015f125b8,3
3a97ac75e,3
ad3449695,4
0fd8e26c1,4
b77bebe5f,4
90d66cd6f,2
c306658fe,2
b94aa2e66,2
59680597d,4
498d70ca1,3
f931a3552,4
08daae591,1
dc4502e25,1
bfa7ed240,4
7c2b48d5f,0
23f8bb18e,3
892a5ed54,2
2b880dfcb,4
974688435,2
26b149a77,4
3d1a0b636,4
2c416fcef,2
cfa1588e2,3
584042e9e,3
493d668ba,4
a4c5e45dd,3
f192616ce,0
76e0bf879,4
1d0223148,4
0b9384acf,2
6e3e2b85a,1
4509290d7,4
d147d16ec,3
082126600,2
569798535,4
47aab029b,1
5e3011a62,4
559917f5c,2
02ffbb348,2
0a5129c92,4
60d8c1fa7,4
20671ca51,0
bede60795,1
e126dcb77,1
470343a04,3
12044707c,2
c09a0a00a,4
421becb27,4
aa22c1563,1
166503620,2
618dced8e,2
419d49119,0
ffa86db9e,4
4b14cca25,2
5c55a78e2,4
caacbd257,1
7e7d7f1c5,4
e3865d96b,1
63d17a5ad,1
3ccddbba4,1
180d75114,3
3e385e1b1,2
42635012f,1
5a951896b,2
c017a7d6b,4
5f3432403,2
03d14e004,2
f1101a527,1
db74e1329,3
0131eb078,2
df17fad20,1
44bf31aa6,2
a987ee384,2
fe9b945ae,1
7600dfada,4
cbfa8bcdd,1
270ca7309,3
16a43d1b1,1
87a8c0f0d,4
33dfbe188,3
22f85ea8e,1
e5d02f315,1
09ba96bf0,3
c572d623d,1
882c038e7,0
973194dde,4
1061d324a,4
597788b4b,4
182e0e5dd,1
0536a14c0,3
66e113c05,1
650de5c52,1
d74e047bd,4
cd2f4f5bd,1
35c9317ff,1
a6b832cfa,4
b2f3be45e,2
f0a7c0b14,3
4228045ee,3
1e3566cbe,4
398fec4a3,4
c15e547dd,4
f55332756,2
f6b4d4405,1
3d6a0b6ce,1
ae49cb15f,4
71d2e9e25,4
2d10f326a,3
dedc72b5b,1
a83818789,4
fdfcd1023,2
62f7be1c8,4
fad624d4f,1
e840929be,3
4c506cf99,3
89a97a4bb,2
b5f30bff1,4
84c0efa46,4
e8ab2aa85,2
45bd144f5,1
608e5b66b,3
672ebfd9a,4
fd1ff90f8,4
d3f554d71,1
a63706726,4
3e636c3d2,2
2366fd140,3
7e46d59c8,3
d6efb85e9,3
9d28f0f59,3
b17afb2eb,4
5ec5914e5,4
4432db7d3,3
ce5cfac06,2
ffd4fe065,2
ee1ddf5ce,4
679286002,3
073568cc5,3
02519d368,2
b7ae6b9cd,3
416bfd3dd,2
d2284ec25,4
e543bc19c,4
c82ba5889,4
cd7fcad63,1
49d4e21de,2
b5ecc08d6,3
22e87dca2,2
c692d4b45,1
edc153713,4
a30967d48,2
3603eacf0,2
600c7d1e2,2
e2b2cad49,3
122e7c0c2,2
b2b54fce7,1
c720115fe,3
02b1ab523,3
47bfcd3cc,2
2c5ee0b49,2
ebdcc42bd,2
17a5bece9,0
45e7776e1,1
dcbb918b4,2
25baf7a8d,4
600e0fb89,2
cfc94da9a,4
69baefa84,3
3cdb1a596,3
2a029afbe,4
418ea400f,2
49157aaac,1
cf0d70718,2
23a703329,4
85426f467,2
ab6048c53,2
f5ad400b7,1
ff903e52b,4
498106649,4
418700d53,0
3360d56c0,4
9a047f96b,4
06a470022,0
5344ddf4e,2
dcbe7cae8,1
bcda27f26,2
2b01a74a9,1
1e0e21059,1
b80dfae6a,2
bc05ab361,2
8459f4707,4
d12b4fe19,1
4b96e341f,3
e1180bfcd,4
9e51a9790,3
b029230e4,4
8a1bc271c,3
5ad9b6f0c,2
610788182,3
ee4325d84,2
f21c317cf,3
2abba8c6c,2
2954b46c4,3
a0b6f1501,1
8d0e790e5,2
399fa2574,4
9967c6cb6,3
a182511f2,2
51a13610e,1
19c7e095c,0
73961a218,2
2e979fe49,4
83eab3ce0,3
f223cd020,4
39ee807be,2
3010871b7,4
46e92f631,2
1706cbafe,3
f640756a4,4
50066d150,2
f116c92af,1
378d73716,1
827daf042,1
ad59fc7a0,2
26de61f1f,3
d784f7fd2,4
0c9476c38,3
b32194b94,2
8c2f1d851,4
147191c1a,1
af032a52a,4
d97b2d534,3
40873dcd6,3
c1509a54e,2
4864eb58c,4
b4b9b0153,1
cd08d8571,4
cda7cd580,4
519a6e4c4,4
234c7884f,1
6c7675e86,1
847717f72,4
491b8c806,3
0ad57c36f,3
c0ae23371,2
1361c6788,1
11f0ed3d3,1
d3cf5146b,4
0fcb4800e,4
5a7197211,4
fc21aa84c,1
869c9f3a4,2
90c2e8a86,4
13922dcc9,2
86c5aed68,0
48ec0107d,1
5892f955a,2
2e200d64f,4
efd268250,4
bce8d916d,4
bfe1af332,4
d4032d9a3,2
7204f7890,4
54188270d,2
8b6c7ef38,3
387c23325,3
3de179c07,1
7ad9d255c,4
d6ed5dfec,2
3cab9e59f,3
27d4ec9c7,4
5190cd079,2
6ec65e11d,4
dcc8ba1a0,2
68a7182fb,3
b2686029e,3
34feb9441,4
089ed3836,2
4e3b3c58c,2
1ef0e1d49,1
da6b36177,1
60036f876,4
74c8c6941,3
b749ed372,4
cf057b203,3
2e2c61226,4
aa6b3dcee,2
733a5cf62,0
66f86bfc6,3
0505896da,4
78624b4a6,1
a8c8aed05,2
7e520dca0,1
f072baaae,1
32288dcdb,1
bcd947bb6,2
66b38c4a7,1
b22b2c9ae,3
f147e61ee,1
78dcff888,1
5b3a46aef,4
8808ae25a,2
ad84ef170,1
aec383ae4,4
d0b1c9032,4
901fd9c6d,3
97d5ad3c9,1
35fb4b52a,4
a1713b945,0
d3600fbb5,1
b8f18c8ee,3
170e3f54b,2
fe7acc3a4,4
89c7a954b,4
cf162fcc3,2
ae7fee136,4
c2df334d9,4
7d7e41466,4
bd60fa3e1,1
49ba38c83,2
02c7507b0,3
6d2a3b9c3,1
68de9202c,0
f382426dc,1
bc4a10a21,1
b108f718e,0
8fe4353c3,2
cc1d53892,3
cbbb7f5c6,0
cd457aba8,3
274583307,3
a7d15b9c4,2
6446390b9,2
09a0af133,1
12049565b,1
5191cb99d,3
c6d749ab2,2
3427a70d0,1
81816952b,4
3d2e660fb,2
d12e91a45,4
d1b426458,4
62173a996,3
22e3c334e,2
96d7cffab,3
322182861,2
6aadea6a0,2
cbde71ab6,2
cebf7bb09,4
4fb937efc,1
970f45412,4
6b0c2cccf,1
18728cb17,4
b2ee9c7b7,4
f573a5446,4
636f53bb7,4
5ee29107f,4
1b28b1fdf,2
ecf8b957a,1
d460338fe,1
88a4aad35,1
b681b66c6,4
30a693a7d,2
a0c8140f5,4
3057d4d49,1
4d632070a,3
ca5f98a97,4
22a94e714,4
fca822dd6,4
94eab2b21,4
36afecaab,3
517f2a2f5,1
732202694,3
59f3943d5,3
d34c5122b,2
3abe49dd7,4
c5ab0b9af,4
dc0d4f14a,2
ead8e4c7d,2
9dd6d4d6b,4
f64be1c78,2
85f9f0467,1
9a77b0cef,3
c1887daf8,0
3a950c0ed,1
17d350878,2
5c565177c,1
4779d1360,4
e3d2448a9,1
c4c74a141,4
237231bc6,2
e44119a49,4
2fc95bdf0,4
2d11c301e,2
ac47a02cd,4
507922ae4,4
4a983bae4,3
3a9c20f49,1
e950e95ac,1
ebb95545d,1
f2d9c8306,4
12cc48715,1
c76364116,2
5a2783ea4,1
1540b97a6,3
7740a0272,0
7d8a249bf,3
629a4e6fd,1
3712f20d5,2
451f12bac,2
515863340,4
305d685bf,1
74ee75020,2
634ae6954,2
7a0832e2c,2
065d6994c,2
ffe2d8e81,2
ebac08276,4
5148edd39,2
f85b86356,1
c56bbf410,1
b83351b7b,2
4abffeca5,3
c7dec8dc7,2
92bd6899e,2
c86d01c1f,0
664f1e2fc,4
e2c7d7c0a,1
f15762b6a,2
70acc40a4,0
0ddc7d3ac,4
035582f8f,2
84b14662a,4
1b8d3ff56,4
a0591aa18,1
60a3481ec,4
031da46f7,4
dbd702a56,1
e2489b317,2
4c98ba1e5,3
be27a9e19,4
3cbb1c0f7,4
a28594c46,1
001ec8d5b,3
23118a766,4
1333e803a,3
65ec259b0,2
ee397e714,3
c0c98962b,4
028c68583,3
db34d666a,2
86fc61089,3
3f86154cf,2
d35231e5a,2
629fe6dff,4
fe0531700,4
4bbaa98d6,4
7b3ab3ad4,4
5d9a28223,1
8255e2fa2,1
ee9c002d6,2
004682b50,4
badf057cb,1
759dfb282,2
3f6fcc67e,3
4b5d368ca,1
31f9fa1e0,3
452d9758d,1
e29b59239,3
cd8a82b97,3
e3ca4f2d0,4
17a021ba4,1
ec490205b,1
7c5988282,1
053205cfa,4
ea466e975,4
8661faa01,2
5c253db79,1
b49f9924c,3
7829548b7,2
4b063107f,4
365fb3a96,3
e65540b4f,1
3a60ba6dc,4
fc1b8a4f0,1
1c11185f4,3
72dabb7a1,4
548f0e9c6,4
8c9bdff8c,4
042d0d192,2
5232fd036,2
1ec422aae,1
76dfac4a1,1
dabe705dc,1
5946a80c6,3
4311ab46a,1
bf3f3d3a5,3
1503a77d2,4
b7d73e11a,0
e3040d73f,3
919d37b36,0
fe099f48b,2
05257447c,4
f4c33173e,3
ae94db5ca,1
32b44785c,3
c16d1cce2,3
729abd2f2,2
4fab97693,4
81d9e0ce1,4
42c2bce02,4
e122e5cab,4
ab274b176,3
975298673,3
499909f04,4
71b1e25bb,4
0be96ad8b,3
f2ad92283,2
a3aa0993b,4
511f1a6db,2
6834e2da3,4
d6e620f87,4
3a0d5f49d,3
906573861,2
0ccf2fecc,3
8cca8236b,1
f8aa09ab4,1
a4849f4f0,2
1b143c468,1
af2bf2c48,1
f0a6b590b,2
b88e57980,3
e6342c172,4
60d52c67a,1
1adf16bff,3
8affd8298,4
bf43c64b8,2
40213b255,4
1bf5096b7,3
914f2de70,1
fd262420a,2
ba6cbb3b9,4
60dc7a869,4
cb4fb933f,4
eaab0dc4f,3
560a38b5c,4
61453c43e,3
cabaf8033,2
065367f09,2
1e55008d0,2
d7655dc4b,4
74bf493b5,4
44f54a0a9,3
94ff23a43,3
f872210bb,0
846937574,4
a1eddc185,4
dd1812b4c,2
2f49a3373,1
a6bb2a0f5,1
9677159a5,4
5358914db,4
826e7fede,4
11b859665,1
b5a5ec644,3
73c83dc73,2
dfa0ff644,0
5a67c3ceb,1
a49f5a481,4
dc64dc5f4,3
577126f85,3
2f0c29529,1
6790b71f2,4
e876c142c,3
08ba5ce13,2
7bec80b02,2
fb6fbaa05,0
0a44cc8ba,1
9cb0c885e,1
3245790c7,3
d77d11ccd,2
e3aa17a53,3
27bf5c8f8,3
860591c44,2
61fe0f6f7,1
13fe509ca,2
7d3ce3195,2
1572bf9cc,4
b72537712,1
3d20d52f1,1
7999ea5fe,2
cabbe9d14,1
111f4f6ed,2
800ca542b,3
1badb11f5,2
5b3151e25,3
d51ba0fce,2
4eb926dde,2
89815c687,2
e87b4fdbc,3
8d7f3f71c,2
45c8f591d,3
9b1035016,1
7d50924c3,1
409b92edb,2
5f75c7083,3
132916303,2
b8bea2c62,2
ef306b0f9,2
1ff198b2c,1
06983c308,4
23f664cf6,4
4d932ca97,1
41814d501,1
6bcb7ed25,1
8650fce42,2
b4b7512ad,3
31ed5d5ec,4
4586798a6,1
e5ec7709d,3
fa0b958ae,4
85fda19ab,4
d6a2fa83e,2
08f25f7da,1
a159e317f,4
09582e51b,3
0c9cc3c3d,3
fd6a10dd8,1
3b22e5249,1
62abaa505,4
d274a7103,4
4f244a307,3
34e4c214d,1
67b8ae43b,2
285a40127,3
ce637df13,4
e07d8debe,1
5c23692a4,4
4dc690fca,3
40739eff7,4
e90b93c02,4
0a4831022,2
d24a644d5,4
6bde0667b,1
e25b59349,4
10bc6fc6a,1
2d7a91c59,2
e5bbe3e54,2
